district_name,district_type,city,normed_2019,normed_2025,normed_diff,z_sort
16th and Valencia Streets Post-Fire Historic District,Historic District,San Francisco,0.005023397002235172,0.0029483434638366587,-0.002075053538398513,-3.723748704942409e-06
19th and Noe Historic District,Historic District,San Francisco,1.1278575580353205e-05,0.00036344533697741955,0.00035216676139706633,-4.855228326050565e-07
23rd Street Shops and Rowhouses Historic District,Historic District,San Francisco,0.000439864447633775,0.00031926745258928287,-0.00012059699504449211,-1.0767753337859176e-06
24th Street Commercial Corridor Historic District,Historic District,San Francisco,0.00225099652832784,0.0014497232541454234,-0.0008012732741824167,-4.838357654080028e-06
24th Street Victorian and Progressive Era Historic District,Historic District,San Francisco,7.883494155655046e-05,2.9436551358135615e-05,-4.939839019841484e-05,-3.477525751804933e-07
25th Street Historic District,Historic District,San Francisco,6.7901628493963174e-06,1.8246050371857426e-05,1.1455887522461109e-05,-3.197433215973433e-07
27th Street Historic District,Historic District,San Francisco,0.0004168469464493807,5.964168108071341e-05,-0.0003572052653686673,-9.817886166274548e-07
Alabama Street Pioneers Historic District,Historic District,San Francisco,0.0002872584147812408,0.00019706349264297576,-9.019492213826504e-05,-6.191612555994652e-07
Alamo Square Historic District,Historic District,San Francisco,0.003385644249212557,0.005043964603892004,0.0016583203546794469,-2.2754315978090744e-05
Alamo Square Historic District Extension,Historic District,San Francisco,0.0003581523184291752,0.0004291741587045151,7.102184027533986e-05,-1.9666526895889547e-06
Alert Alley Early Residential Historic District,Historic District,San Francisco,8.539492939410283e-05,0.00020671683690036958,0.00012132190750626675,-9.445316209166776e-07
Alphonso Harrington 42nd Avenue Historic District,Historic District,San Francisco,5.984550307942517e-06,1.690872401772803e-05,1.0924173709785511e-05,-6.419995770556852e-07
American Indian Cultural District,Arts District,San Francisco,0.016404458006611892,0.017847404145788556,0.0014429461391766638,-0.00010132539409823949
Aronson Historic District,Historic District,San Francisco,0.0005430979404457834,0.00041055919071772537,-0.00013253874972805803,-3.092845872743055e-07
Ashbury Heights Historic District,Historic District,San Francisco,0.00012774713157338833,0.00020287394507815864,7.512681350477031e-05,-3.596022452256875e-06
Auxiliary Water Supply System (Discontiguous),Historic District,San Francisco,0.0030366989312571395,0.0010729353967612876,-0.001963763534495852,-3.633371261457796e-05
Baker Street Historic District,Historic District,San Francisco,0.00024202902495390602,0.0004106053054195919,0.00016857628046568587,-3.345705863466719e-06
Baker Street Period Revival Bungalows Historic District,Historic District,San Francisco,7.365600379006175e-06,2.951340919457983e-06,-4.414259459548192e-06,-4.20153810409829e-07
Balboa Park Historic District,Historic District,San Francisco,0.0006568043962966912,0.0004766108153578866,-0.0001801935809388046,-1.1288690075161867e-05
Balboa Terrace Historic District,Historic District,San Francisco,0.0011921914738457025,0.001114192683364544,-7.799879048115852e-05,-2.4883600872271927e-05
Bayview,Business District,San Francisco,0.0015017768647758059,0.0010411162524733813,-0.0004606606123024246,-1.6854020032042172e-05
Bernal Heights North Historic District,Historic District,San Francisco,0.00048428822491965596,0.0006677408830273687,0.0001834526581077127,-7.902995093900245e-06
Bertz-Stelling Lawton Street Art Deco Historic District,Historic District,San Francisco,1.4270850734324464e-05,5.503021089406031e-06,-8.767829644918432e-06,-2.0652441889978945e-07
Blackstone Court Historic District,Historic District,San Francisco,5.8694628020205455e-06,1.0729353967612875e-05,4.85989116559233e-06,-1.9421577235334553e-07
Bluxome Townsend Historic District,Historic District,San Francisco,0.0010401033347698172,0.0005183753636816748,-0.0005217279710881424,-2.0994862097722944e-06
Bridges and Tunnels,Historic District,San Francisco,0.00010979348064956079,0.0001951113035972926,8.531782294773182e-05,-1.7295515135629103e-06
Brotherhood Way Historic District,Historic District,San Francisco,0.000238058505999598,0.000227914228191685,-1.0144277807913002e-05,-1.1170187008247012e-05
Buena Vista North Historic District,Historic District,San Francisco,0.0029876716537343795,0.007305152895215485,0.004317481241481106,-1.717208397167269e-05
Bush Street Cottage Row Historic District,Historic District,San Francisco,4.2639920944090434e-05,8.983143923600236e-05,4.719151829191193e-05,-7.455760169250425e-07
California Street Historic District,Historic District,San Francisco,3.153397662262018e-05,5.770486360231911e-05,2.6170886979698926e-05,-7.285161700565368e-07
California Street Neighborhood Commercial Shopping Center Historic District,Historic District,San Francisco,0.0008384124806415622,0.0005057553069375342,-0.00033265717370402803,-1.779266767698573e-06
Calle 24 Latino Cultural District,Arts District,San Francisco,0.010763789166364226,0.01968899476482847,0.008925205598464244,-9.156430633083801e-05
Capp and Howard Streets Mid-Block Fire Line Historic District,Historic District,San Francisco,0.0001577849706190229,9.172214201253013e-05,-6.606282860649278e-05,-4.813068699149881e-07
Castro & Liberty Streets Historic District,Historic District,San Francisco,7.975564160392624e-05,0.00014587617357112635,6.612053196720012e-05,-1.8139353414881043e-06
Castro LGBTQ Cultural District,Arts District,San Francisco,0.011558180675990634,0.014754214403389122,0.003196033727398488,-9.784688245417783e-05
Castro Street Historic District,Historic District,San Francisco,0.0024717919084391426,0.002035964087407343,-0.0004358278210317996,-4.074281605426222e-06
Castro/Upper Market,Business District,San Francisco,0.009700150436633366,0.009831485350704229,0.00013133491407086272,-2.853195792340557e-05
Central Embarcadero Piers Historic District,Historic District,San Francisco,0.0011568020657746962,0.0004997450241275963,-0.0006570570416470999,-2.468281309120357e-06
Chinatown Historic District,Historic District,San Francisco,0.020733704716878694,0.01305470318079999,-0.0076790015360787035,-1.6550434338569175e-05
Chula-Abbey Early Residential Historic District,Historic District,San Francisco,0.00016238847085590176,0.0003018360952837342,0.00013944762442783242,-1.714600330160465e-06
Civic Center,Business District,San Francisco,0.01798282560657877,0.027538393371472753,0.009555567764893982,-5.57609751012933e-05
Civic Center Cultural Landscape,Historic District,San Francisco,0.009655036134311953,0.01991179026111297,0.010256754126801017,-2.8921755529154325e-05
Civic Center Historic District,Historic District,San Francisco,0.0084049556449875,0.019183377801996537,0.010778422157009037,-2.6876325591729255e-05
Clipper Street Historic District,Historic District,San Francisco,7.400126630782766e-05,0.00022829851737390608,0.00015429725106607843,-2.306723217770923e-06
Clyde and Crooks Historic District,Historic District,San Francisco,0.0005846445300836151,0.00025307748384352204,-0.00033156704624009303,-1.714837253530277e-06
Cole Valley Historic District,Historic District,San Francisco,0.0021117406461622548,0.0021968890253542474,8.514837919199264e-05,-1.7881801795738284e-05
Commercial-Leidesdorff Conservation District,Historic District,San Francisco,0.0005458024968349498,0.0001610940251870816,-0.0003847084716478682,-1.0983044376189355e-06
Conservatory Valley Historic District,Historic District,San Francisco,0.0004095964335762965,0.00010056079320361524,-0.00030903564037268124,-9.227674127032515e-07
Cow Hollow First Bay Tradition Historic District,Historic District,San Francisco,0.0007317263626518947,0.001090090065855637,0.0003583637032037424,-1.8560472199169453e-05
Diamond & Elizabeth Streets Historic District,Historic District,San Francisco,0.0005234179769331263,0.001130117627075786,0.0006066996501426597,-1.2666185739362845e-05
Diamond Heights Historic District,Historic District,San Francisco,0.0010552373417985566,0.0009630286906460554,-9.220865115250115e-05,-1.5010924926173175e-05
Discover Polk,Business District,San Francisco,0.0022827606799623043,0.007478190628185997,0.005195429948223693,-1.2101122592866886e-05
Dogpatch & Northwest Potrero Hill Green Benefit District,Infrastructure District,San Francisco,0.008226052117031795,0.0066266980297877915,-0.0015993540872440036,-9.410006032339879e-05
Dogpatch Historic District,Historic District,San Francisco,0.002803991994282913,0.0021470082895019495,-0.0006569837047809635,-1.024506991598173e-05
Dorland Street Bungalows Historic District,Historic District,San Francisco,4.603500236878859e-06,1.0022261872326068e-05,5.418761635447209e-06,-1.0898202162934467e-07
Downtown,Business District,San Francisco,0.04194859029601715,0.015290267069452967,-0.026658323226564182,-5.4474184707942186e-05
Duboce Park Historic District,Historic District,San Francisco,0.0009620164620017595,0.0010660489346158858,0.00010403247261412622,-2.857653726096032e-06
Duboce Triangle Historic District,Historic District,San Francisco,0.001799508242595946,0.001718080075874056,-8.142816672188991e-05,-1.0008366643887712e-05
Duboce Triangle Historic District Extension,Historic District,San Francisco,0.0007472631759513608,0.0007677636713758744,2.05004954245136e-05,-9.727437827677932e-06
East Cut (Greater Rincon Hill),Business District,San Francisco,0.025128723936779902,0.01340219283093159,-0.011726531105848313,-6.002023565088166e-05
East Fort Miley Historic District,Historic District,San Francisco,1.0012613015211518e-05,1.028357851623641e-05,2.7096550102489317e-07,-5.001868430554168e-06
East Mission Florida-to-Hampshire Streets Historic District,Historic District,San Francisco,0.0006347075951596727,0.0003614777763644476,-0.00027322981879522514,-3.485988145257579e-06
Elgin Park-Pearl Street Reconstruction Historic District,Historic District,San Francisco,9.862999257512956e-05,0.00018535035836887687,8.672036579374731e-05,-1.0603812370391097e-06
Eureka Valley Commercial & Castro Village LGBTQ+ Historic District,Historic District,San Francisco,0.002763481192198379,0.0022039599463071153,-0.0005595212458912638,-4.545137926470488e-06
Excelsior,Business District,San Francisco,0.002724063721420104,0.002227785875604823,-0.0004962778458152809,-1.4991847820056137e-05
Fair Oaks Street Historic District,Historic District,San Francisco,0.00022131327388795114,0.00025307748384352204,3.17642099555709e-05,-3.059562914131675e-06
Fernando Nelson Mission Revival Rowhouse Historic District,Historic District,San Francisco,3.4526251776591445e-06,7.821053436563655e-05,7.47579091879774e-05,-7.214466677396558e-07
Fillmore-Union Commercial Development Historic District,Historic District,San Francisco,0.0008165458545163877,0.0006823438719517702,-0.00013420198256461748,-1.9504668671288528e-06
Fisherman's Wharf,Business District,San Francisco,0.01321578602378479,0.006247681295146773,-0.006968104728638017,-3.07853838421579e-05
Forest Hill Historic District,Historic District,San Francisco,0.001755544815333753,0.003438281428033973,0.00168273661270022,-5.980148671369534e-05
Fort Mason Historic District,Historic District,San Francisco,0.0002226943239590148,0.00010237463814369879,-0.00012031968581531602,-3.4774188861774746e-06
Fort Mason Historic District (Boundary Increase),Historic District,San Francisco,0.004361528755677914,0.0018389620810335227,-0.0025225666746443915,-2.8996033051953418e-05
Front-California Conservation District,Historic District,San Francisco,0.0008738594324655295,0.00023481606190437577,-0.0006390433705611538,-1.4075221770326607e-06
Gardner Dailey/Telegraph Hill Historic District,Historic District,San Francisco,1.1508750592197148e-05,1.2727657715162553e-05,1.2189071229654046e-06,-2.5688723326311447e-07
Glen Park Center Historic District,Historic District,San Francisco,0.00020589154809440698,0.00011038322470118634,-9.550832339322063e-05,-5.027500264986884e-07
Glen Park Historic District,Historic District,San Francisco,0.00021699749241587722,0.00011676242512605646,-0.00010023506728982076,-5.68971699976828e-07
Golden Gate Park Historic District,Historic District,San Francisco,0.01749583282526995,0.02067853940904778,0.003182706583777832,-0.000440635595623462
Gottlieb Knopf Block Historic District,Historic District,San Francisco,5.1559202653043224e-05,0.0001037888223342724,5.222961968122918e-05,-1.197137862618547e-06
Guerrero Street Fire Line Historic District,Historic District,San Francisco,7.112407865977838e-05,0.00014742870186729956,7.630462320752119e-05,-5.480424078996293e-07
H.C. Baumann Noriega Street Historic District,Historic District,San Francisco,6.611777215217261e-05,6.818827249331049e-05,2.0705003411378777e-06,-2.7322585083311424e-07
Haight Ashbury Historic District,Historic District,San Francisco,0.005345124125040043,0.002714434324402325,-0.0026306898006377183,-8.14645227364963e-06
Hampshire Street False-Front Historic District,Historic District,San Francisco,2.877187648049287e-05,8.002437930572011e-05,5.1252502825227246e-05,-4.801468094228767e-07
Hartford Street Historic District,Historic District,San Francisco,0.0004929197878638038,0.00026331494765789194,-0.00022960484020591185,-1.2411978786985856e-06
Hayes Valley Commercial Historic District,Historic District,San Francisco,0.003170890963162158,0.0020782051543170857,-0.0010926858088450724,-5.466435140988324e-06
Hayes Valley Residential Historic District,Historic District,San Francisco,0.012364541286232928,0.014291699315235107,0.0019271580290021791,-3.9809355712350225e-05
Hidalgo Terrace Historic District,Historic District,San Francisco,2.3592938714004152e-05,1.1129014717122811e-05,-1.2463923996881342e-05,-4.783705662703142e-07
Horner's Addition East Historic District,Historic District,San Francisco,0.0017694704035503114,0.0007393570150260913,-0.0010301133885242202,-3.7812073969689663e-06
Hunters Point Commercial Drydock Historic District,Historic District,San Francisco,1.3810500710636577e-06,7.673486390590756e-05,7.53538138348439e-05,-7.003563041507732e-06
India Basin Scow Schooner Boatyard Vernacular Cultural Landscape,Historic District,San Francisco,2.5664513820599638e-05,0.00010821583371345939,8.255131989285975e-05,-3.4421286727592815e-06
Ingleside Terrace Historic District,Historic District,San Francisco,0.0027328679156231345,0.0033318486961260193,0.0005989807805028848,-5.963070816505933e-05
Inner Mission Boulevards and Alleys Reconstruction Historic District,Historic District,San Francisco,0.0014978638895744587,0.001287737678055589,-0.00021012621151886963,-8.412674560531741e-06
Inner Richmond Nelson Historic District,Historic District,San Francisco,0.00012176258126544583,0.00039354286572897547,0.00027178028446352967,-2.8879330784548074e-06
Irving Street and 15th Avenue Neighborhood Commerical Historic District,Historic District,San Francisco,5.950024056165925e-05,5.055708481300681e-05,-8.943155748652445e-06,-2.5080998966586776e-07
J.W. Rapple 43rd Avenue Rowhouse Historic District,Historic District,San Francisco,9.667350497445604e-06,1.8753312092389267e-06,-7.792019288206677e-06,-1.4726174413226545e-07
Jackson Square Historic District,Historic District,San Francisco,0.004540087021115853,0.0015938316974783329,-0.00294625532363752,-5.95218352827942e-06
Jackson Square Historic District Extension,Historic District,San Francisco,0.0010489075289728481,0.0007990755539432489,-0.0002498319750295992,-1.7786451280699112e-06
Japantown,Business District,San Francisco,0.002988707441287677,0.0018650015160208238,-0.0011237059252668534,-5.574524948315229e-06
Japantown Community & Cultural Historic District,Historic District,San Francisco,0.0011759641355107045,0.0013635656194914548,0.00018760148398075036,-5.920354851696175e-06
Japantown Cultural District,Arts District,San Francisco,0.009380379801429169,0.007418564318672573,-0.0019618154827565964,-5.6798296100168955e-05
Jersey Street Historic District,Historic District,San Francisco,8.516475438225889e-06,7.839499317310267e-06,-6.769761209156217e-07,-4.865928531216923e-07
Jessie-McCoppin-Stevenson Streets Reconstruction Historic District,Historic District,San Francisco,0.0002498549753566001,0.0003424170329262814,9.256205756968131e-05,-1.2579375834320672e-06
Jordan Park Historic District,Historic District,San Francisco,0.000883526782962975,0.0012035322324473034,0.0003200054494843284,-1.483266896684654e-05
Juri Street Historic District,Historic District,San Francisco,1.1508750592197148e-05,7.378352298644958e-06,-4.13039829355219e-06,-1.7526463125250302e-07
Kearny-Belden Conservation District,Historic District,San Francisco,0.0005704887668552126,0.0002790246894270902,-0.00029146407742812247,-5.384258656704333e-07
Kearny-Market-Mason-Sutter Conservation District,Historic District,San Francisco,0.03599390519586138,0.01894710144119972,-0.017046803754661662,-4.2547471821308136e-05
L. Arthur 18th Street Flats Historic District,Historic District,San Francisco,4.0280627072690015e-06,9.392027613483478e-06,5.3639649062144766e-06,-5.389210855355486e-08
Laguna Honda Historic District,Historic District,San Francisco,0.0027204960087365226,0.003265566497976525,0.0005450704892400026,-3.107550264758174e-05
Leather & LGBTQ Cultural District,Arts District,San Francisco,0.01325434033826865,0.010727755324614837,-0.002526585013653814,-7.227768082884722e-05
Lexington and San Carlos Streets Reconstruction Historic District,Historic District,San Francisco,0.0010937916562824169,0.0005984766008238392,-0.0004953150554585777,-1.8702307897910941e-06
Liberty Hill Historic District,Historic District,San Francisco,0.002154438110859306,0.001634120575342392,-0.000520317535516914,-1.2001943559880601e-05
Liberty Street Historic District,Historic District,San Francisco,0.00017263125888295722,0.0003257081392833084,0.00015307688040035116,-2.259083430544706e-06
Lincoln U. Grant 37th Avenue Rowhouse Historic District,Historic District,San Francisco,1.1278575580353205e-05,4.045796510423652e-05,2.9179389523883315e-05,-6.43021849100478e-07
Little Hollywood Historic District,Historic District,San Francisco,0.0024054439612751256,0.003534200007916357,0.0011287560466412315,-1.828894528443925e-05
Lombard Street Historic District,Historic District,San Francisco,0.00042904622207710967,0.00016976358913798942,-0.0002592826329391203,-1.0187377483816817e-06
Lower Nob Hill Apartment Hotel Historic District,Historic District,San Francisco,0.02423610524084909,0.026980682167098927,0.002744576926249836,-2.4629069230286404e-05
Lower Nob Hill Apartment Hotel Historic District - Addition,Historic District,San Francisco,0.00017654423408430424,0.0002771801013524289,0.00010063586726812468,-3.577106326702051e-07
Lower Polk,Business District,San Francisco,0.007781756800420024,0.009022218447648478,0.001240461647228454,-1.8445485238771653e-05
Marina Corporation Residential Historic District,Historic District,San Francisco,0.0035696691711817894,0.004242152910971341,0.0006724837397895514,-2.786981576718972e-05
Marina Corporation Residential Historic District Extension,Historic District,San Francisco,2.980766403379061e-05,1.7339127901815652e-05,-1.246853613197496e-05,-4.3289173845550977e-07
Marina Historic District,Historic District,San Francisco,0.0011471922590302118,0.0008682476067430454,-0.0002789446522871664,-1.0981521427311236e-05
Market Street Cultural Landscape District,Historic District,San Francisco,0.014523122547305424,0.009177624992938687,-0.005345497554366738,-1.8063492007058812e-05
Market Street Masonry Historic District,Historic District,San Francisco,0.00036172003111275636,0.0004471896355670398,8.546960445428346e-05,-8.581641850469168e-07
Market Street Theatre and Loft Historic District,Historic District,San Francisco,0.008854257268106876,0.00799299978825666,-0.0008612574798502158,-5.207842605159385e-06
Mediterranean Revival Tracts Historic District,Historic District,San Francisco,0.0007821922339986792,0.0006041025944515559,-0.00017808963954712325,-3.5905986806028523e-06
Mid Market,Business District,San Francisco,0.015483009890447628,0.0136820168418577,-0.001800993048589928,-3.9684299281361746e-05
Mint-Mission Conservation District,Historic District,San Francisco,0.0018596990081931372,0.0013126703601980933,-0.0005470286479950439,-1.9222507035010494e-06
Miraloma Park Historic District,Historic District,San Francisco,1.634242584091995e-05,7.313791716031814e-05,5.6795491319398185e-05,-1.3424401004158426e-06
Miraloma Park Historic District Extension,Historic District,San Francisco,2.957748902194667e-05,0.0011054001468753254,0.0010758226578533787,-9.68357653619023e-07
Mission,Business District,San Francisco,0.0008162005919986217,0.0006072691373130578,-0.00020893145468556392,-4.043741682835389e-06
Mission Miracle Mile 19th to 20th Streets Historic District,Historic District,San Francisco,0.00047151351176231716,0.00047627264087753206,4.759129115214898e-06,-7.416360858769622e-07
Mission Miracle Mile at 17th Street Historic District,Historic District,San Francisco,0.0009553413866582852,0.001185178581104424,0.00022983719444613876,-1.8699865904636681e-06
NOPA Historic District,Historic District,San Francisco,0.0061096504268796994,0.005682576366907014,-0.0004270740599726852,-3.328924867673777e-05
New Montgomery-Mission-Second Street Conservation District,Historic District,San Francisco,0.006610971602675808,0.002570679427117059,-0.004040292175558749,-1.1118848306068685e-05
Noe & Alvarado Streets Historic District,Historic District,San Francisco,0.000246172175167097,0.0005447990878511971,0.00029862691268410014,-8.036100552999415e-06
Noe Valley,Business District,San Francisco,0.0006447202081748842,0.00046978583948164003,-0.0001749343686932442,-6.424051207432058e-06
Noe Valley Association,Business District,San Francisco,0.0014259917421261875,0.001079176253080558,-0.0003468154890456294,-7.614037713210564e-06
Normandie Terrace Historic District,Historic District,San Francisco,4.6380264886554504e-05,5.032651130367415e-05,3.946246417119646e-06,-6.293921614997089e-07
North Beach,Business District,San Francisco,0.001278334472028298,0.0038730662087989158,0.002594731736770618,-8.962240826804191e-06
North Point Historic District,Historic District,San Francisco,1.9104525983047267e-05,1.435704384777998e-05,-4.747482135267286e-06,-1.7588263290235773e-07
North Point Sewage Treatment Plant Historic District,Historic District,San Francisco,0.00014207552606067378,0.0002571355776077768,0.00011506005154710301,-3.1071126613824163e-06
Northeast Waterfront Historic District,Historic District,San Francisco,0.003345363622139867,0.004742835600703556,0.0013974719785636892,-1.2673730452661403e-05
O'Donnell-Fowler Homes Historic District,Historic District,San Francisco,8.516475438225889e-06,1.5556026096309787e-05,7.039550658083898e-06,-1.6139256331371143e-07
Ocean Avenue,Business District,San Francisco,0.004540202108621775,0.0032744358923021883,-0.0012657662163195866,-5.102063005324453e-05
Ocean Avenue Neighborhood Commercial District,Historic District,San Francisco,0.0008006637786991556,0.0009055390289857802,0.00010487525028662458,-2.478787791915238e-06
Old Ohio Street Houses Historic District,Historic District,San Francisco,7.250512873084203e-06,3.596946745589417e-06,-3.6535661274947864e-06,-5.085212251287885e-08
Olsen's Queen Anne Cottages Historic District,Historic District,San Francisco,1.0703138050743347e-05,8.669563950907826e-06,-2.0335740998355206e-06,-2.3552547645522282e-07
Orange Alley Stables and Lofts Historic District,Historic District,San Francisco,9.667350497445604e-06,0.00013093501016637031,0.00012126765966892471,-2.1074038158985786e-07
Outer Irving,Business District,San Francisco,0.0004971204818299558,0.0004324944172389053,-6.462606459105053e-05,-3.174554422002984e-06
Pacific Heights,Business District,San Francisco,0.000770913658418326,0.0003922209109421349,-0.00037869274747619105,-6.945053883100627e-06
Pacific Heights Historic District,Historic District,San Francisco,0.0013896816340078055,0.001544073934164346,0.0001543923001565404,-2.4879120701370994e-05
Pacific Islander Cultural District,Arts District,San Francisco,0.009901380940737933,0.016201570436172066,0.006300189495434132,-0.00025947685753635596
Page Street Historic District,Historic District,San Francisco,1.2199275627728977e-05,5.4046430587574314e-05,4.184715495984534e-05,-3.1967829272616655e-07
Palo Alto Avenue Historic District,Historic District,San Francisco,1.565190080538812e-05,6.2408563192705265e-06,-9.411044486117594e-06,-6.541822585859336e-07
Panhandle Historic District,Historic District,San Francisco,0.003571165308758775,0.0052784117481814476,0.0017072464394226727,-3.931165156245697e-05
Parkmerced Historic District,Historic District,San Francisco,0.012946768978692182,0.01634813833027119,0.0034013693515790085,-8.621251345175551e-05
Parkway Terrace Historic District,Historic District,San Francisco,0.0008140139293861042,0.0007778627910846447,-3.6151138301459586e-05,-9.60332454269519e-06
Picturesque Period Revival Tracts Historic District,Historic District,San Francisco,0.0015842370627688984,0.0017885587118934042,0.0002043216491245058,-1.0313447546650423e-05
Pine Street Auto Shops Historic District,Historic District,San Francisco,5.5414634101429264e-05,0.0001568053579134942,0.00010139072381206495,-3.3230662666028365e-07
Pine-Sansome Conservation District,Historic District,San Francisco,0.0005902838178737917,0.0013683308053509962,0.0007780469874772045,-1.2396189958963078e-06
Polk,Business District,San Francisco,0.0026847037943947896,0.0019362026157027476,-0.000748501178692042,-5.536944627237972e-06
Portola,Business District,San Francisco,0.0008209767234943835,0.0009420157581622061,0.00012103903466782263,-8.797303053142969e-06
Powell Street Shops Historic District,Historic District,San Francisco,9.759420502183182e-05,0.00020336583523140165,0.00010577163020956983,-3.7359859561547637e-07
Presidio Heights Historic District,Historic District,San Francisco,0.0012499654018185322,0.003485133965130368,0.0022351685633118356,-3.169085812260164e-05
Presidio Heights Historic District Extension,Historic District,San Francisco,6.237742820970854e-05,1.1129014717122811e-05,-5.1248413492585727e-05,-6.40959115116857e-07
Presidio Terrace Historic District,Historic District,San Francisco,0.00012625099399640272,0.0006485879101854695,0.0005223369161890668,-4.558990895020543e-06
Ramona Street Historic District,Historic District,San Francisco,0.0008327731928513856,0.00018524275739785498,-0.0006475304354535305,-1.052181232807925e-06
Raycliff Terrace Historic District,Historic District,San Francisco,3.579221434173313e-05,2.3979644970596115e-05,-1.1812569371137015e-05,-6.564059731317684e-07
Richmond,Business District,San Francisco,0.0009926297385770039,0.0006540909312748755,-0.00033853880730212835,-6.457445579144405e-06
Richmond Heights Historic District,Historic District,San Francisco,0.00023144097440908464,0.0003185296173594184,8.708864295033374e-05,-3.9910573832457885e-06
Rivera Heights Historic District,Historic District,San Francisco,2.9002051492336814e-05,0.0003556058376601093,0.0003266037861677725,-1.629924554436002e-06
Russell Street Historic District,Historic District,San Francisco,6.767145348211923e-05,7.073995266325853e-05,3.0684991811393003e-06,-4.388639354147017e-07
Russian Hill-Macondray Lane Historic District,Historic District,San Francisco,7.664827894403301e-05,3.7168449704423975e-05,-3.947982923960903e-05,-9.163450158666819e-07
Russian Hill-Paris Block Architectural Historic District,Historic District,San Francisco,4.488412730956888e-05,3.0112900318844734e-05,-1.4771226990724145e-05,-6.677487363049295e-07
Russian Hill-Vallejo Street Crest Historic District,Historic District,San Francisco,0.0003563109183344237,0.0004956408156614751,0.00013932989732705142,-2.688357653823914e-06
Rutledge Street Historic District,Historic District,San Francisco,4.6035002368788593e-07,1.3526979214182424e-06,8.923478977303564e-07,-1.4233773981686682e-07
SF General Hospital Historic District,Historic District,San Francisco,0.008199121640646054,0.005614787755163214,-0.00258433388548284,-1.0846261375263566e-05
SF State Teachers College Vicinity Apartments Historic District,Historic District,San Francisco,0.00025192655046319556,0.00038565725170979865,0.00013373070124660308,-1.2079731277481187e-06
Sadowa Street and Capital Avenue Historic District,Historic District,San Francisco,7.941037908616032e-06,4.691402336555086e-05,3.8972985456934824e-05,-3.1377931009046733e-07
San Francisco 1952 Firehouse Bond Act Thematic District (Discontiguous),Historic District,San Francisco,0.0007375958254539151,0.0006819442112022602,-5.565161425165495e-05,-2.3185657482827082e-06
San Francisco Cable Car Historic District,Historic District,San Francisco,0.01768446124747606,0.012435782395481989,-0.0052486788519940705,-2.840630486389273e-05
San Francisco Civic Center Historic District,Historic District,San Francisco,0.014644137059782377,0.05134360179647507,0.036699464736692694,-1.684194330664468e-05
San Francisco Civic Center National Historic Landmark District,Historic District,San Francisco,0.01988470418569231,0.04669156604374671,0.026806861858054403,-1.9036277990380768e-05
San Francisco Neighborhood Movie Theater Historic District (Discontiguous),Historic District,San Francisco,0.002258707391224612,0.0009494555967300065,-0.0013092517944946055,-2.7976257115369663e-06
San Francisco Port of Embarkation U.S. Army Historic District,Historic District,San Francisco,0.0024833006590313394,0.0006859100755627819,-0.0017973905834685576,-8.99342012417037e-06
San Francisco State Teacher's College Historic District,Historic District,San Francisco,0.001210835649805062,0.0015829793709724092,0.0003721437211673473,-3.14871294904151e-06
Sea Cliff Historic District,Historic District,San Francisco,0.0012787372782990252,0.0008100201098529056,-0.0004687171684461196,-2.743372169788927e-05
Second and Howard Streets Historic District,Historic District,San Francisco,0.002538312486862042,0.0008478649085180387,-0.0016904475783440032,-1.905277713376563e-06
"Senior Officers' Quarters Historic District, Yerba Buena Island",Historic District,San Francisco,8.804194203030818e-05,2.1673909877269564e-05,-6.636803215303861e-05,-2.757346010184847e-06
Shotwell Street Historic District,Historic District,San Francisco,0.004126232349820443,0.006489860337782505,0.002363627987962062,-8.93060450835037e-06
Showplace Square Heavy Timber and Steel-frame Brick Warehouse and Factory Historic District,Historic District,San Francisco,0.001686952661804258,0.0007723290268606609,-0.000914623634943597,-7.453536909451941e-06
Shrader Street Historic District,Historic District,San Francisco,2.3017501184394295e-06,1.792324745879171e-05,1.562149734035228e-05,-1.0880739864660427e-07
Sixth Street Lodging House Historic District,Historic District,San Francisco,0.005772616665787206,0.007162166576294661,0.0013895499105074545,-3.536231815814972e-06
SoMa LGBTQ Historic District,Historic District,San Francisco,0.0037737193191814448,0.001541798942205597,-0.0022319203769758478,-3.754505996766966e-06
SoMa Pilipinas Filipino Cultural District,Arts District,San Francisco,0.0816086655367759,0.05387011871077128,-0.02773854682600462,-0.0002550818871895899
SoMa West,Business District,San Francisco,0.023644325285398313,0.020339642465030644,-0.0033046828203676694,-0.0001361927243124228
South End Historic District,Historic District,San Francisco,0.009796823941607823,0.006114348320483343,-0.0036824756211244793,-1.718498015179648e-05
South End Historic District Addition,Historic District,San Francisco,0.0008740320637244124,0.0003775410641812892,-0.0004964909995431232,-1.6998355931718834e-06
South Mission Avenues and Alleys Historic District,Historic District,San Francisco,0.001408325809967165,0.0008895218558708051,-0.0005188039540963598,-3.7274703572620638e-06
South Park Historic District,Historic District,San Francisco,0.0017440936084945167,0.000265666797453085,-0.0014784268110414316,-2.094500359817175e-06
South Van Ness Avenue-Shotwell-Folsom Streets Historic District,Historic District,San Francisco,0.00042743499699420207,0.0004416866144776338,1.4251617483431746e-05,-1.2812520253646653e-06
Southeast Telegraph Hill Historic District,Historic District,San Francisco,0.00035239794313307664,0.0001632460446075197,-0.00018915189852555694,-1.4371544239111245e-06
Southeast Treatment Plant Streamline Moderne Industrial Historic District,Historic District,San Francisco,0.0007200449808008146,0.00022187320224716943,-0.0004981717785536451,-2.150092495867284e-05
Southern Pacific Company Hospital Historic District,Historic District,San Francisco,0.00017504809650731862,0.0003768032289514247,0.00020175513244410608,-1.574006091686897e-06
St. Francis Wood Historic District,Historic District,San Francisco,0.001122103182739222,0.0028063409252223207,0.0016842377424830988,-4.960413025401067e-05
Sunset,Business District,San Francisco,0.0008780025826787204,0.0006620995178323631,-0.00021590306484635727,-6.107978151703719e-06
Sunset Chinese Cultural District,Arts District,San Francisco,0.043208740942109775,0.07886597799483284,0.03565723705272307,-0.0009793255808290269
Sycamore Street Reconstruction Historic District,Historic District,San Francisco,0.000346988830354744,0.00016422982491400568,-0.00018275900544073833,-5.146248440723866e-07
Telegraph Hill Historic District,Historic District,San Francisco,0.00019196595987784843,0.00015147142406426545,-4.049453581358298e-05,-3.00146939480328e-06
Tenderloin,Business District,San Francisco,0.02627338427067983,0.02899551034948411,0.002722126078804281,-4.6300322082970524e-05
Third Street Industrial District,Historic District,San Francisco,0.003548147807574381,0.002094744960719881,-0.0014534028468544996,-2.5076139081647852e-05
Transgender Cultural District,Arts District,San Francisco,0.008649804313836494,0.00837876464093748,-0.00027103967289901325,-1.4355681287270272e-05
Treasure Island Historic District,Historic District,San Francisco,0.004569837141396683,0.0049308298686461145,0.00036099272724943177,-0.00017210530086231302
Union Iron Works Historic District,Historic District,San Francisco,0.0018984259539358804,0.0006834659963638557,-0.0012149599575720245,-3.565681572581525e-05
Union Square Business Improvement District,Business District,San Francisco,0.029989732468159173,0.016330691601398353,-0.01365904086676082,-3.6713336612592684e-05
Upper Fillmore Neighborhood Commercial Historic District,Historic District,San Francisco,0.0009403800108884289,0.0005565275936925848,-0.0003838524171958441,-3.0228325158532243e-06
Upper Grant Avenue Historic District,Historic District,San Francisco,0.002464714026824941,0.0026225892098514837,0.00015787518302654274,-5.399738711275859e-06
Upper Market Street Commercial Historic District,Historic District,San Francisco,0.0026119109468991427,0.003458510410586091,0.0008465994636869482,-5.459951353259385e-06
Upper Market Street Commercial Historic District Extension,Historic District,San Francisco,0.0012049661870030413,0.001713191917476204,0.0005082257304731626,-1.64193261298351e-06
Upper Market/Castro,Business District,San Francisco,0.0033919740620382654,0.0019093484876491378,-0.0014826255743891276,-1.0533166459936183e-05
Uptown Tenderloin Historic District,Historic District,San Francisco,0.061785935973022565,0.06739886565519192,0.005612929682169351,-4.09540543842013e-05
Veterans Affairs Medical Center Historic District,Historic District,San Francisco,0.0020192678351539507,0.0009365895949092443,-0.0010826782402447064,-4.659709702536929e-06
Vicente Street Historic District,Historic District,San Francisco,5.8694628020205455e-06,4.007367592201543e-05,3.4204213119994884e-05,-2.9870398066123016e-07
Visitation Valley,Business District,San Francisco,0.0006797643537281245,0.0003583573482048123,-0.0003214070055233122,-8.113742751447717e-06
Von Schroeder-Welsh Block Historic District,Historic District,San Francisco,7.95254665920823e-05,0.000186026707329586,0.00010650124073750372,-1.1611828085733578e-06
Washington Square Historic District,Historic District,San Francisco,0.002211636601302526,0.008411398478291697,0.00619976187698917,-4.149886990489904e-06
Webster Street Historic District,Historic District,San Francisco,0.00010162226772910081,0.00010572563981266671,4.103372083565901e-06,-8.18394710222492e-07
West Fort Miley Historic District,Historic District,San Francisco,7.164197243642724e-05,3.324870004576884e-05,-3.83932723906584e-05,-5.6306785154447425e-06
West Portal Park Historic District,Historic District,San Francisco,0.0007800631151391226,0.0015824721092518774,0.0008024089941127548,-9.686532393970992e-06
Western Addition,Business District,San Francisco,0.005835914794044291,0.0033217649479845377,-0.002514149846059753,-1.2814875844924245e-05
Western SOMA Light Industrial and Residential Historic District,Historic District,San Francisco,0.025835131048128963,0.023260532309689427,-0.002574598738439536,-4.986679823559825e-05
Wilhelm's Reconstruction Bungalows Historic District,Historic District,San Francisco,1.1738925604041091e-05,2.145870793522575e-05,9.71978233118466e-06,-1.945027179317549e-07
Woodward St. Romeo Flats Reconstruction Historic District,Historic District,San Francisco,0.00020232383541082585,0.0003643368878801725,0.00016201305246934663,-7.676685527258087e-07
Yerba Buena,Business District,San Francisco,0.03831884544674409,0.01949296116719385,-0.01882588427955024,-7.188094468801864e-05
Yerba Buena Island Lighthouse Historic District,Historic District,San Francisco,6.5599878375523744e-06,0.0,-6.5599878375523744e-06,-1.1527649803610984e-06
